{
   "1":{
      "interval_1":32.382355,
      "length_1":76.455879,
      "interval_2":208,
      "length_2":164.602936,
      "rand":0.1166
   },
   "2":{
      "interval_1":11,
      "length_1":24,
      "interval_2":13,
      "length_2":12,
      "rand":0.97
   },
   "3":{
      "interval_1":47.073528,
      "length_1":17.691177,
      "interval_2":208.676468,
      "length_2":3.0,
      "rand":0.29
   },
   "4":{
      "interval_1":91.147057,
      "length_1":664.102966,
      "interval_2":193.985291,
      "length_2":443.735291,
      "rand":0.00525
   },
   "5":{
      "interval_1":193.985291,
      "length_1":2529.882324,
      "interval_2":326.205872,
      "length_2":2412.353027,
      "rand":0.017514
   },
   "6":{
      "interval_1":193.985291,
      "length_1":2529.882324,
      "interval_2":76.455879,
      "length_2":208.676468,
      "rand":0.017514
   }
}